{
  "packages": [
    {
      "name": "esp32",
      "maintainer": "Espressif Systems",
      "websiteURL": "https://github.com/espressif/arduino-esp32",
      "email": "hristo@espressif.com",
      "help": {
        "online": "http://esp32.com"
      },
      "platforms": [
        {
          "name": "esp32",
          "architecture": "esp32",
          "version": "",
          "category": "ESP32",
          "url": "",
          "archiveFileName": "",
          "checksum": "",
          "size": "",
          "help": {
            "online": ""
          },
          "boards": [
            {
              "name": "ESP32 Dev Module"
            },
            {
              "name": "WEMOS LoLin32"
            },
            {
              "name": "WEMOS D1 MINI ESP32"
            }
          ],
          "toolsDependencies": [
            {
              "packager": "esp32",
              "name": "xtensa-esp32-elf-gcc",
              "version": "1.22.0-80-g6c4433a-5.2.0"
            },
            {
              "packager": "esp32",
              "name": "esptool_py",
              "version": "2.6.1"
            },
            {
              "packager": "esp32",
              "name": "mkspiffs",
              "version": "0.2.3"
            }
          ]
        }
      ],
      "tools": [
        {
          "name": "xtensa-esp32-elf-gcc",
          "version": "gcc8_2_0-esp-2019r2",
          "systems": [
            {
              "host": "i686-mingw32",
              "url": "https://github.com/espressif/crosstool-NG/releases/download/esp-2019r2/xtensa-esp32-elf-gcc8_2_0-esp-2019r2-win32.zip",
              "archiveFileName": "xtensa-esp32-elf-gcc8_2_0-esp-2019r2-win32.zip",
              "checksum": "SHA-256:c9d5776a22516f0825a7c68d835ffacc2392f913136893b7646e1288937cc65e",
              "size": "103850448"
            },
            {
              "host": "x86_64-apple-darwin",
              "url": "https://github.com/espressif/crosstool-NG/releases/download/esp-2019r2/xtensa-esp32-elf-gcc8_2_0-esp-2019r2-macos.tar.gz",
              "archiveFileName": "xtensa-esp32-elf-gcc8_2_0-esp-2019r2-macos.tar.gz",
              "checksum": "SHA-256:dc62be8dd16c6d9d28d64e2b3f831fa208f3548c2ca73cdbcbdf68f474d59521",
              "size": "92150978"
            },
            {
              "host": "x86_64-pc-linux-gnu",
              "url": "https://github.com/espressif/crosstool-NG/releases/download/esp-2019r2/xtensa-esp32-elf-gcc8_2_0-esp-2019r2-linux-amd64.tar.gz",
              "archiveFileName": "xtensa-esp32-elf-gcc8_2_0-esp-2019r2-linux-amd64.tar.gz",
              "checksum": "SHA-256:e6d47c1dbd8c8cbfe37271e5e2aac53ee88c9e347ae937e22bf0c73f530efbdf",
              "size": "85459985"
            },
            {
              "host": "i686-pc-linux-gnu",
              "url": "https://github.com/espressif/crosstool-NG/releases/download/esp-2019r2/xtensa-esp32-elf-gcc8_2_0-esp-2019r2-linux-i686.tar.gz",
              "archiveFileName": "xtensa-esp32-elf-gcc8_2_0-esp-2019r2-linux-i686.tar.gz",
              "checksum": "SHA-256:36a9648c414dbd1c518c687ce5587d9f8eaa94324f45d92e9ec31a1433a04df8",
              "size": "87438500"
            },
            {
              "host": "arm-linux-gnueabihf",
              "url": "https://github.com/espressif/crosstool-NG/releases/download/esp-2019r2/xtensa-esp32-elf-gcc8_2_0-esp-2019r2-linux-armel.tar.gz",
              "archiveFileName": "xtensa-esp32-elf-gcc8_2_0-esp-2019r2-linux-armel.tar.gz",
              "checksum": "SHA-256:54a199c28f591da2466b21741911bc2ba77ddf82d3d2b66c6ce03c1a0c6835f0",
              "size": "83647538"
            }
          ]
        },
        {
          "name": "esptool_py",
          "version": "2.6.1",
          "systems": [
            {
              "host": "i686-mingw32",
              "url": "https://dl.espressif.com/dl/esptool-2.6.1-windows.zip",
              "archiveFileName": "esptool-2.6.1-windows.zip",
              "checksum": "SHA-256:84cf0b369a7707fe566434faba148852fc464992111d5baa95b658b374802f96",
              "size": "3422445"
            },
            {
              "host": "x86_64-apple-darwin",
              "url": "https://dl.espressif.com/dl/esptool-2.6.1-macos.tar.gz",
              "archiveFileName": "esptool-2.6.1-macos.tar.gz",
              "checksum": "SHA-256:f4eb758a301d6902cc9dfcd49d36345d2f075ad123da7cf8132d15cfb7533457",
              "size": "3837085"
            },
            {
              "host": "x86_64-pc-linux-gnu",
              "url": "https://dl.espressif.com/dl/esptool-2.6.1-linux.tar.gz",
              "archiveFileName": "esptool-2.6.1-linux.tar.gz",
              "checksum": "SHA-256:eaf82ff4070d9792f6a42ae1e485375de5a87bec59ef01dfb95de901519ec7fb",
              "size": "44762"
            },
            {
              "host": "i686-pc-linux-gnu",
              "url": "https://dl.espressif.com/dl/esptool-2.6.1-linux.tar.gz",
              "archiveFileName": "esptool-2.6.1-linux.tar.gz",
              "checksum": "SHA-256:eaf82ff4070d9792f6a42ae1e485375de5a87bec59ef01dfb95de901519ec7fb",
              "size": "44762"
            },
            {
              "host": "arm-linux-gnueabihf",
              "url": "https://dl.espressif.com/dl/esptool-2.6.1-linux.tar.gz",
              "archiveFileName": "esptool-2.6.1-linux.tar.gz",
              "checksum": "SHA-256:eaf82ff4070d9792f6a42ae1e485375de5a87bec59ef01dfb95de901519ec7fb",
              "size": "44762"
            }
          ]
        },
        {
          "name": "mkspiffs",
          "version": "0.2.3",
          "systems": [
            {
              "host": "i686-mingw32",
              "url": "https://github.com/igrr/mkspiffs/releases/download/0.2.3/mkspiffs-0.2.3-arduino-esp32-win32.zip",
              "archiveFileName": "mkspiffs-0.2.3-arduino-esp32-win32.zip",
              "checksum": "SHA-256:b647f2c2efe6949819c85ea9404271b55c7c9c25bcb98d3b98a1d0ba771adf56",
              "size": "249809"
            },
            {
              "host": "x86_64-apple-darwin",
              "url": "https://github.com/igrr/mkspiffs/releases/download/0.2.3/mkspiffs-0.2.3-arduino-esp32-osx.tar.gz",
              "archiveFileName": "mkspiffs-0.2.3-arduino-esp32-osx.tar.gz",
              "checksum": "SHA-256:9f43fc74a858cf564966b5035322c3e5e61c31a647c5a1d71b388ed6efc48423",
              "size": "130270"
            },
            {
              "host": "i386-apple-darwin",
              "url": "https://github.com/igrr/mkspiffs/releases/download/0.2.3/mkspiffs-0.2.3-arduino-esp32-osx.tar.gz",
              "archiveFileName": "mkspiffs-0.2.3-arduino-esp32-osx.tar.gz",
              "checksum": "SHA-256:9f43fc74a858cf564966b5035322c3e5e61c31a647c5a1d71b388ed6efc48423",
              "size": "130270"
            },
            {
              "host": "x86_64-pc-linux-gnu",
              "url": "https://github.com/igrr/mkspiffs/releases/download/0.2.3/mkspiffs-0.2.3-arduino-esp32-linux64.tar.gz",
              "archiveFileName": "mkspiffs-0.2.3-arduino-esp32-linux64.tar.gz",
              "checksum": "SHA-256:5e1a4ff41385e842f389f6b5254102a547e566a06b49babeffa93ef37115cb5d",
              "size": "50646"
            },
            {
              "host": "i686-pc-linux-gnu",
              "url": "https://github.com/igrr/mkspiffs/releases/download/0.2.3/mkspiffs-0.2.3-arduino-esp32-linux32.tar.gz",
              "archiveFileName": "mkspiffs-0.2.3-arduino-esp32-linux32.tar.gz",
              "checksum": "SHA-256:464463a93e8833209cdc29ba65e1a12fec31718dc10075c195a2445b2c3f6cb0",
              "size": "48751"
            },
            {
              "host": "arm-linux-gnueabihf",
              "url": "https://github.com/igrr/mkspiffs/releases/download/0.2.3/mkspiffs-0.2.3-arduino-esp32-linux-armhf.tar.gz",
              "archiveFileName": "mkspiffs-0.2.3-arduino-esp32-linux-armhf.tar.gz",
              "checksum": "SHA-256:ade3dc00117912ac08a1bdbfbfe76b12d21a34bc5fa1de0cfc45fe7a8d0a0185",
              "size": "40665"
            }
          ]
        }
      ]
    }
  ]
}
